theta,HH,VV
0.000000000000000,-5.859507334804621e+00,-5.859507337112150e+00
0.005227275629933,-5.859632122565944e+00,-5.859526762648225e+00
0.010454551259866,-5.860006508871377e+00,-5.859585056775848e+00
0.015681826889799,-5.860630562784571e+00,-5.859682272050505e+00
0.020909102519732,-5.861504399407309e+00,-5.859818496057983e+00
0.026136378149666,-5.862628179873436e+00,-5.859993851403753e+00
0.031363653779599,-5.864002111340536e+00,-5.860208495698065e+00
0.036590929409532,-5.865626446978184e+00,-5.860462621537401e+00
0.041818205039465,-5.867501485955287e+00,-5.860756456481040e+00
0.047045480669398,-5.869627573423337e+00,-5.861090263024323e+00
0.052272756299331,-5.872005100498825e+00,-5.861464338566769e+00
0.057500031929264,-5.874634504242041e+00,-5.861879015377242e+00
0.062727307559197,-5.877516267634229e+00,-5.862334660553403e+00
0.067954583189130,-5.880650919551805e+00,-5.862831675979000e+00
0.073181858819063,-5.884039034739351e+00,-5.863370498275135e+00
0.078409134448996,-5.887681233778867e+00,-5.863951598749085e+00
0.083636410078930,-5.891578183058165e+00,-5.864575483337719e+00
0.088863685708863,-5.895730594735791e+00,-5.865242692548032e+00
0.094090961338796,-5.900139226704976e+00,-5.865953801392683e+00
0.099318236968729,-5.904804882554426e+00,-5.866709419322751e+00
0.104545512598662,-5.909728411527868e+00,-5.867510190155104e+00
0.109772788228595,-5.914910708480940e+00,-5.868356791996954e+00
0.115000063858528,-5.920352713836211e+00,-5.869249937166257e+00
0.120227339488461,-5.926055413536422e+00,-5.870190372107831e+00
0.125454615118394,-5.932019838996054e+00,-5.871178877306500e+00
0.130681890748328,-5.938247067050499e+00,-5.872216267195483e+00
0.135909166378261,-5.944738219903519e+00,-5.873303390061945e+00
0.141136442008194,-5.951494465073688e+00,-5.874441127948184e+00
0.146363717638127,-5.958517015338477e+00,-5.875630396549596e+00
0.151590993268060,-5.965807128676809e+00,-5.876872145108743e+00
0.156818268897993,-5.973366108210508e+00,-5.878167356305925e+00
0.162045544527926,-5.981195302143836e+00,-5.879517046146487e+00
0.167272820157859,-5.989296103702049e+00,-5.880922263844206e+00
0.172500095787792,-5.997669951068488e+00,-5.882384091701674e+00
0.177727371417725,-6.006318327320137e+00,-5.883903644987180e+00
0.182954647047658,-6.015242760362688e+00,-5.885482071807797e+00
0.188181922677592,-6.024444822864243e+00,-5.887120552980170e+00
0.193409198307525,-6.033926132187576e+00,-5.888820301897088e+00
0.198636473937458,-6.043688350322380e+00,-5.890582564391655e+00
0.203863749567391,-6.053733183816044e+00,-5.892408618597922e+00
0.209091025197324,-6.064062383704261e+00,-5.894299774808520e+00
0.214318300827257,-6.074677745440256e+00,-5.896257375329546e+00
0.219545576457190,-6.085581108824584e+00,-5.898282794332300e+00
0.224772852087123,-6.096774357933668e+00,-5.900377437702189e+00
0.230000127717056,-6.108259421048037e+00,-5.902542742884997e+00
0.235227403346989,-6.120038270581225e+00,-5.904780178730194e+00
0.240454678976923,-6.132112923007452e+00,-5.907091245331797e+00
0.245681954606856,-6.144485438790212e+00,-5.909477473866216e+00
0.250909230236789,-6.157157922310477e+00,-5.911940426428353e+00
0.256136505866722,-6.170132521795386e+00,-5.914481695864298e+00
0.261363781496655,-6.183411429247192e+00,-5.917102905602397e+00
0.266591057126588,-6.196996880372700e+00,-5.919805709481356e+00
0.271818332756521,-6.210891154513499e+00,-5.922591791576666e+00
0.277045608386454,-6.225096574576391e+00,-5.925462866024660e+00
0.282272884016387,-6.239615506965395e+00,-5.928420676843867e+00
0.287500159646321,-6.254450361514264e+00,-5.931466997755630e+00
0.292727435276254,-6.269603591420223e+00,-5.934603632001050e+00
0.297954710906187,-6.285077693178950e+00,-5.937832412158013e+00
0.303181986536120,-6.300875206520853e+00,-5.941155199954570e+00
0.308409262166053,-6.316998714349213e+00,-5.944573886081824e+00
0.313636537795986,-6.333450842679595e+00,-5.948090390004250e+00
0.318863813425919,-6.350234260581093e+00,-5.951706659769664e+00
0.324091089055852,-6.367351680120025e+00,-5.955424671816178e+00
0.329318364685785,-6.384805856304887e+00,-5.959246430779239e+00
0.334545640315718,-6.402599587034582e+00,-5.963173969295958e+00
0.339772915945652,-6.420735713048023e+00,-5.967209347809275e+00
0.345000191575585,-6.439217117877122e+00,-5.971354654370317e+00
0.350227467205518,-6.458046727801867e+00,-5.975612004440151e+00
0.355454742835451,-6.477227511809183e+00,-5.979983540689586e+00
0.360682018465384,-6.496762481553525e+00,-5.984471432799729e+00
0.365909294095317,-6.516654691321858e+00,-5.989077877259740e+00
0.371136569725250,-6.536907238001774e+00,-5.993805097165450e+00
0.376363845355183,-6.557523261052355e+00,-5.998655342016179e+00
0.381591120985116,-6.578505942480123e+00,-6.003630887511900e+00
0.386818396615049,-6.599858506817792e+00,-6.008734035349229e+00
0.392045672244982,-6.621584221107796e+00,-6.013967113017122e+00
0.397272947874916,-6.643686394889534e+00,-6.019332473592534e+00
0.402500223504849,-6.666168380191849e+00,-6.024832495535812e+00
0.407727499134782,-6.689033571529355e+00,-6.030469582485542e+00
0.412954774764715,-6.712285405904224e+00,-6.036246163053684e+00
0.418182050394648,-6.735927362812809e+00,-6.042164690620808e+00
0.423409326024581,-6.759962964257779e+00,-6.048227643131113e+00
0.428636601654514,-6.784395774764935e+00,-6.054437522888141e+00
0.433863877284447,-6.809229401406958e+00,-6.060796856350050e+00
0.439091152914380,-6.834467493831999e+00,-6.067308193926182e+00
0.444318428544314,-6.860113744299040e+00,-6.073974109773463e+00
0.449545704174247,-6.886171887718974e+00,-6.080797201593661e+00
0.454772979804180,-6.912645701703154e+00,-6.087780090431043e+00
0.460000255434113,-6.939539006617711e+00,-6.094925420471239e+00
0.465227531064046,-6.966855665645582e+00,-6.102235858840400e+00
0.470454806693979,-6.994599584855643e+00,-6.109714095405813e+00
0.475682082323912,-7.022774713279452e+00,-6.117362842577246e+00
0.480909357953845,-7.051385042995314e+00,-6.125184835109366e+00
0.486136633583778,-7.080434609220982e+00,-6.133182829905838e+00
0.491363909213711,-7.109927490414252e+00,-6.141359605824004e+00
0.496591184843645,-7.139867808382099e+00,-6.149717963481479e+00
0.501818460473578,-7.170259728398793e+00,-6.158260725064414e+00
0.507045736103511,-7.201107459332954e+00,-6.166990734136556e+00
0.512273011733444,-7.232415253784196e+00,-6.175910855451198e+00
0.517500287363377,-7.264187408228841e+00,-6.185023974763487e+00
0.522727562993310,-7.296428263176584e+00,-6.194332998645937e+00
0.527954838623243,-7.329142203336433e+00,-6.203840854305117e+00
0.533182114253176,-7.362333657793344e+00,-6.213550489400745e+00
0.538409389883109,-7.396007100196630e+00,-6.223464871866633e+00
0.543636665513042,-7.430167048958322e+00,-6.233586989734436e+00
0.548863941142976,-7.464818067463868e+00,-6.243919850959340e+00
0.554091216772909,-7.499964764294289e+00,-6.254466483248225e+00
0.559318492402842,-7.535611793460578e+00,-6.265229933890827e+00
0.564545768032775,-7.571763854651079e+00,-6.276213269592944e+00
0.569773043662708,-7.608425693490998e+00,-6.287419576312865e+00
0.575000319292641,-7.645602101815769e+00,-6.298851959100695e+00
0.580227594922574,-7.683297917958062e+00,-6.310513541940129e+00
0.585454870552507,-7.721518027048312e+00,-6.322407467594003e+00
0.590682146182440,-7.760267361330314e+00,-6.334536897452697e+00
0.595909421812373,-7.799550900491447e+00,-6.346905011385439e+00
0.601136697442307,-7.839373672007818e+00,-6.359515007596032e+00
0.606363973072240,-7.879740751505826e+00,-6.372370102480777e+00
0.611591248702173,-7.920657263138969e+00,-6.385473530491026e+00
0.616818524332106,-7.962128379982111e+00,-6.398828543999101e+00
0.622045799962039,-8.004159324442186e+00,-6.412438413167773e+00
0.627273075591972,-8.046755368686913e+00,-6.426306425823984e+00
0.632500351221905,-8.089921835090800e+00,-6.440435887336964e+00
0.637727626851838,-8.133664096700738e+00,-6.454830120499270e+00
0.642954902481771,-8.177987577719776e+00,-6.469492465413738e+00
0.648182178111704,-8.222897754011061e+00,-6.484426279383299e+00
0.653409453741638,-8.268400153621258e+00,-6.499634936806697e+00
0.658636729371571,-8.314500357325640e+00,-6.515121829077485e+00
0.663864005001504,-8.361203999193481e+00,-6.530890364488648e+00
0.669091280631437,-8.408516767175881e+00,-6.546943968142100e+00
0.674318556261370,-8.456444403716626e+00,-6.563286081862438e+00
0.679545831891303,-8.504992706384698e+00,-6.579920164116619e+00
0.684773107521236,-8.554167528532197e+00,-6.596849689938404e+00
0.690000383151169,-8.603974779976081e+00,-6.614078150858309e+00
0.695227658781102,-8.654420427704876e+00,-6.631609054839000e+00
0.700454934411035,-8.705510496611852e+00,-6.649445926216520e+00
0.705682210040968,-8.757251070254526e+00,-6.667592305646921e+00
0.710909485670902,-8.809648291641750e+00,-6.686051750059129e+00
0.716136761300835,-8.862708364048888e+00,-6.704827832613670e+00
0.721364036930768,-8.916437551862527e+00,-6.723924142667602e+00
0.726591312560701,-8.970842181454685e+00,-6.743344285745787e+00
0.731818588190634,-9.025928642087665e+00,-6.763091883518606e+00
0.737045863820567,-9.081703386851244e+00,-6.783170573786775e+00
0.742273139450500,-9.138172933632285e+00,-6.803584010471696e+00
0.747500415080433,-9.195343866117419e+00,-6.824335863614410e+00
0.752727690710366,-9.253222834831377e+00,-6.845429819380138e+00
0.757954966340299,-9.311816558210221e+00,-6.866869580071139e+00
0.763182241970233,-9.371131823711554e+00,-6.888658864146585e+00
0.768409517600166,-9.431175488962904e+00,-6.910801406249846e+00
0.773636793230099,-9.491954482948753e+00,-6.933300957243780e+00
0.778864068860032,-9.553475807237955e+00,-6.956161284254188e+00
0.784091344489965,-9.615746537252836e+00,-6.979386170720725e+00
0.789318620119898,-9.678773823580823e+00,-7.002979416457213e+00
0.794545895749831,-9.742564893330169e+00,-7.026944837719203e+00
0.799773171379764,-9.807127051531412e+00,-7.051286267281160e+00
0.805000447009697,-9.872467682585707e+00,-7.076007554522247e+00
0.810227722639630,-9.938594251761343e+00,-7.101112565521211e+00
0.815454998269564,-1.000551430674059e+01,-7.126605183160690e+00
0.820682273899497,-1.007323547921803e+01,-7.152489307240964e+00
0.825909549529430,-1.014176548655180e+01,-7.178768854603591e+00
0.831136825159363,-1.021111213347055e+01,-7.205447759264905e+00
0.836364100789296,-1.028128331383665e+01,-7.232529972559911e+00
0.841591376419229,-1.035228701246811e+01,-7.260019463296380e+00
0.846818652049162,-1.042413130702113e+01,-7.287920217920346e+00
0.852045927679095,-1.049682436993592e+01,-7.316236240691518e+00
0.857273203309028,-1.057037447044619e+01,-7.344971553870975e+00
0.862500478938961,-1.064478997665664e+01,-7.374130197919804e+00
0.867727754568895,-1.072007935768868e+01,-7.403716231709731e+00
0.872955030198828,-1.079625118589881e+01,-7.433733732745629e+00
0.878182305828761,-1.087331413917031e+01,-7.464186797400788e+00
0.883409581458694,-1.095127700328194e+01,-7.495079541164477e+00
0.888636857088627,-1.103014867435561e+01,-7.526416098902990e+00
0.893864132718560,-1.110993816138678e+01,-7.558200625133341e+00
0.899091408348493,-1.119065458885952e+01,-7.590437294311379e+00
0.904318683978426,-1.127230719944961e+01,-7.623130301133387e+00
0.909545959608359,-1.135490535681903e+01,-7.656283860852303e+00
0.914773235238292,-1.143845854850507e+01,-7.689902209608284e+00
0.920000510868226,-1.152297638890741e+01,-7.723989604775337e+00
0.925227786498159,-1.160846862237686e+01,-7.758550325322101e+00
0.930455062128092,-1.169494512640915e+01,-7.793588672189903e+00
0.935682337758025,-1.178241591494870e+01,-7.829108968686100e+00
0.940909613387958,-1.187089114180505e+01,-7.865115560894703e+00
0.946136889017891,-1.196038110418764e+01,-7.901612818104306e+00
0.951364164647824,-1.205089624636234e+01,-7.938605133253268e+00
0.956591440277757,-1.214244716343496e+01,-7.976096923393522e+00
0.961818715907690,-1.223504460526681e+01,-8.014092630172645e+00
0.967045991537623,-1.232869948052653e+01,-8.052596720335352e+00
0.972273267167557,-1.242342286088535e+01,-8.091613686244555e+00
0.977500542797490,-1.251922598535866e+01,-8.131148046422869e+00
0.982727818427423,-1.261612026480311e+01,-8.171204346114660e+00
0.987955094057356,-1.271411728657195e+01,-8.211787157869452e+00
0.993182369687289,-1.281322881933846e+01,-8.252901082148110e+00
0.998409645317222,-1.291346681809126e+01,-8.294550747950408e+00
1.003636920947160,-1.301484342931072e+01,-8.336740813467120e+00
1.008864196577090,-1.311737099633307e+01,-8.379475966755054e+00
1.014091472207020,-1.322106206490990e+01,-8.422760926437956e+00
1.019318747836950,-1.332592938897138e+01,-8.466600442431583e+00
1.024546023466890,-1.343198593660235e+01,-8.510999296695665e+00
1.029773299096820,-1.353924489624007e+01,-8.555962304013001e+00
1.035000574726750,-1.364771968310212e+01,-8.601494312795790e+00
1.040227850356690,-1.375742394585618e+01,-8.647600205920739e+00
1.045455125986620,-1.386837157354183e+01,-8.694284901594017e+00
1.050682401616550,-1.398057670275394e+01,-8.741553354246435e+00
1.055909677246490,-1.409405372510103e+01,-8.789410555459602e+00
1.061136952876420,-1.420881729495058e+01,-8.837861534925288e+00
1.066364228506350,-1.432488233747364e+01,-8.886911361437209e+00
1.071591504136290,-1.444226405700274e+01,-8.936565143917983e+00
1.076818779766220,-1.456097794571761e+01,-8.986828032481451e+00
1.082046055396150,-1.468103979267354e+01,-9.037705219531343e+00
1.087273331026080,-1.480246569318885e+01,-9.089201940898244e+00
1.092500606656020,-1.492527205860832e+01,-9.141323477015703e+00
1.097727882285950,-1.504947562645911e+01,-9.194075154136469e+00
1.102955157915880,-1.517509347102077e+01,-9.247462345590849e+00
1.108182433545820,-1.530214301432660e+01,-9.301490473087753e+00
1.113409709175750,-1.543064203761897e+01,-9.356165008061318e+00
1.118636984805680,-1.556060869328031e+01,-9.411491473062442e+00
1.123864260435620,-1.569206151726315e+01,-9.467475443199229e+00
1.129091536065550,-1.582501944204590e+01,-9.524122547626027e+00
1.134318811695480,-1.595950181013746e+01,-9.581438471084031e+00
1.139546087325420,-1.609552838816403e+01,-9.639428955494630e+00
1.144773362955350,-1.623311938156159e+01,-9.698099801607462e+00
1.150000638585280,-1.637229544991073e+01,-9.757456870705331e+00
1.155227914215220,-1.651307772294533e+01,-9.817506086367988e+00
1.160455189845150,-1.665548781727092e+01,-9.878253436296363e+00
1.165682465475080,-1.679954785383103e+01,-9.939704974200357e+00
1.170909741105010,-1.694528047616087e+01,-1.000186682175180e+01
1.176137016734950,-1.709270886947383e+01,-1.006474517060524e+01
1.181364292364880,-1.724185678062215e+01,-1.012834628448910e+01
1.186591567994810,-1.739274853898586e+01,-1.019267650136972e+01
1.191818843624750,-1.754540907833745e+01,-1.025774223569130e+01
1.197046119254680,-1.769986395973929e+01,-1.032354998069424e+01
1.202273394884610,-1.785613939553520e+01,-1.039010631081504e+01
1.207500670514550,-1.801426227449423e+01,-1.045741788417109e+01
1.212727946144480,-1.817426018817915e+01,-1.052549144513338e+01
1.217955221774410,-1.833616145861031e+01,-1.059433382699069e+01
1.223182497404350,-1.849999516729949e+01,-1.066395195470873e+01
1.228409773034280,-1.866579118574214e+01,-1.073435284778832e+01
1.233637048664210,-1.883358020744996e+01,-1.080554362322592e+01
1.238864324294140,-1.900339378162500e+01,-1.087753149858146e+01
1.244091599924080,-1.917526434857448e+01,-1.095032379515739e+01
1.249318875554010,-1.934922527697652e+01,-1.102392794129293e+01
1.254546151183940,-1.952531090311310e+01,-1.109835147577927e+01
1.259773426813880,-1.970355657220232e+01,-1.117360205140045e+01
1.265000702443810,-1.988399868196004e+01,-1.124968743860438e+01
1.270227978073740,-2.006667472854363e+01,-1.132661552931042e+01
1.275455253703680,-2.025162335503270e+01,-1.140439434085909e+01
1.280682529333610,-2.043888440262088e+01,-1.148303202010905e+01
1.285909804963540,-2.062849896470378e+01,-1.156253684768935e+01
1.291137080593480,-2.082050944406040e+01,-1.164291724241217e+01
1.296364356223410,-2.101495961335003e+01,-1.172418176585362e+01
1.301591631853340,-2.121189467915441e+01,-1.180633912711014e+01
1.306818907483280,-2.141136134982257e+01,-1.188939818773790e+01
1.312046183113210,-2.161340790739639e+01,-1.197336796688342e+01
1.317273458743140,-2.181808428391139e+01,-1.205825764661458e+01
1.322500734373070,-2.202544214240806e+01,-1.214407657745963e+01
1.327728010003010,-2.223553496300223e+01,-1.223083428416569e+01
1.332955285632940,-2.244841813440442e+01,-1.231854047168488e+01
1.338182561262870,-2.266414905131608e+01,-1.240720503139984e+01
1.343409836892810,-2.288278721815697e+01,-1.249683804759913e+01
1.348637112522740,-2.310439435963610e+01,-1.258744980421494e+01
1.353864388152670,-2.332903453871671e+01,-1.267905079183432e+01
1.359091663782610,-2.355677428258388e+01,-1.277165171499834e+01
1.364318939412540,-2.378768271728021e+01,-1.286526349980224e+01
1.369546215042470,-2.402183171174259e+01,-1.295989730181059e+01
1.374773490672410,-2.425929603204776e+01,-1.305556451430463e+01
1.380000766302340,-2.450015350675199e+01,-1.315227677687551e+01
1.385228041932270,-2.474448520430892e+01,-1.325004598438323e+01
1.390455317562200,-2.499237562364599e+01,-1.334888429629759e+01
1.395682593192140,-2.524391289910429e+01,-1.344880414644099e+01
1.400909868822070,-2.549918902106391e+01,-1.354981825315385e+01
1.406137144452000,-2.575830007373571e+01,-1.365193962990351e+01
1.411364420081940,-2.602134649176169e+01,-1.375518159635983e+01
1.416591695711870,-2.628843333744541e+01,-1.385955778996203e+01
1.421818971341800,-2.655967060065844e+01,-1.396508217800150e+01
1.427046246971740,-2.683517352369341e+01,-1.407176907024877e+01
1.432273522601670,-2.711506295362259e+01,-1.417963313215305e+01
1.437500798231600,-2.739946572501067e+01,-1.428868939864513e+01
1.442728073861540,-2.768851507620183e+01,-1.439895328857605e+01
1.447955349491470,-2.798235110279796e+01,-1.451044061982655e+01
1.453182625121400,-2.828112125239518e+01,-1.462316762512379e+01
1.458409900751330,-2.858498086519837e+01,-1.473715096860450e+01
1.463637176381270,-2.889409376572527e+01,-1.485240776316623e+01
1.468864452011200,-2.920863291152094e+01,-1.496895558865116e+01
1.474091727641130,-2.952878110561159e+01,-1.508681251090956e+01
1.479319003271070,-2.985473178037583e+01,-1.520599710179336e+01
1.484546278901000,-3.018668986159086e+01,-1.532652846013268e+01
1.489773554530930,-3.052487272268653e+01,-1.544842623375407e+01
1.495000830160870,-3.086951124071929e+01,-1.557171064259958e+01
1.500228105790800,-3.122085096730593e+01,-1.569640250301332e+01
1.505455381420730,-3.157915342979034e+01,-1.582252325326392e+01
1.510682657050670,-3.194469758028158e+01,-1.595009498037779e+01
1.515909932680600,-3.231778141303031e+01,-1.607914044836270e+01
1.521137208310530,-3.269872377388742e+01,-1.620968312790594e+01
1.526364483940470,-3.308786638952791e+01,-1.634174722763792e+01
1.531591759570400,-3.348557614874554e+01,-1.647535772705969e+01
1.536819035200330,-3.389224767362681e+01,-1.661054041123653e+01
1.542046310830260,-3.430830622498198e+01,-1.674732190737067e+01
1.547273586460200,-3.473421099418812e+01,-1.688572972337176e+01
1.552500862090130,-3.517045884291813e+01,-1.702579228855386e+01
1.557728137720060,-3.561758856331653e+01,-1.716753899659576e+01
1.562955413350000,-3.607618574438985e+01,-1.731100025091249e+01
1.568182688979930,-3.654688834610089e+01,-1.745620751259664e+01
1.573409964609860,-3.703039310125068e+01,-1.760319335109850e+01
1.578637240239800,-3.752746288712035e+01,-1.775199149782886e+01
1.583864515869730,-3.803893523430959e+01,-1.790263690287982e+01
1.589091791499660,-3.856573216926630e+01,-1.805516579507497e+01
1.594319067129600,-3.910887161928707e+01,-1.820961574557585e+01
1.599546342759530,-3.966948064270736e+01,-1.836602573528837e+01
1.604773618389460,-4.024881077925818e+01,-1.852443622633118e+01
1.610000894019390,-4.084825583913332e+01,-1.868488923784961e+01
1.615228169649330,-4.146937245065855e+01,-1.884742842647676e+01
1.620455445279260,-4.211390363994329e+01,-1.901209917177037e+01
1.625682720909190,-4.278380557394932e+01,-1.917894866697505e+01
1.630909996539130,-4.348127727282428e+01,-1.934802601548956e+01
1.636137272169060,-4.420879242473904e+01,-1.951938233344339e+01
1.641364547798990,-4.496913111284055e+01,-1.969307085882164e+01
1.646591823428930,-4.576540671957486e+01,-1.986914706760444e+01
1.651819099058860,-4.660107843316712e+01,-2.004766879742713e+01
1.657046374688790,-4.747993059829266e+01,-2.022869637929825e+01
1.662273650318730,-4.840598272200695e+01,-2.041229277795556e+01
1.667500925948660,-4.938326083584131e+01,-2.059852374147604e+01
1.672728201578590,-5.041529828086141e+01,-2.078745796080082e+01
1.677955477208530,-5.150411750435389e+01,-2.097916723987561e+01
1.683182752838460,-5.264823788539345e+01,-2.117372667715303e+01
1.688410028468390,-5.383893130369558e+01,-2.137121485924345e+01
1.693637304098320,-5.505361287346908e+01,-2.157171406754362e+01
1.698864579728260,-5.624558634185477e+01,-2.177531049871137e+01
1.704091855358190,-5.733256402408064e+01,-2.198209449988666e+01
1.709319130988120,-5.819584295232588e+01,-2.219216081958562e+01
1.714546406618060,-5.871230163929361e+01,-2.240560887520999e+01
1.719773682247990,-5.882106253682484e+01,-2.262254303811044e+01
1.725000957877920,-5.856719717891071e+01,-2.284307293712157e+01
1.730228233507860,-5.806881453296281e+01,-2.306731378143090e+01
1.735455509137790,-5.744878191521629e+01,-2.329538670354939e+01
1.740682784767720,-5.679590443733872e+01,-2.352741912300375e+01
1.745910060397660,-5.616200276524539e+01,-2.376354513114836e+01
1.751137336027590,-5.557281358552391e+01,-2.400390589717391e+01
1.756364611657520,-5.503875380058430e+01,-2.424865009495310e+01
1.761591887287450,-5.456208584622688e+01,-2.449793434974342e+01
1.766819162917390,-5.414102965201194e+01,-2.475192370294564e+01
1.772046438547320,-5.377195830449249e+01,-2.501079209199407e+01
1.777273714177250,-5.345051592357198e+01,-2.527472284096611e+01
1.782500989807190,-5.317215691800195e+01,-2.554390915550817e+01
1.787728265437120,-5.293238119870324e+01,-2.581855461304275e+01
1.792955541067050,-5.272681181503621e+01,-2.609887363573751e+01
1.798182816696990,-5.255119250113857e+01,-2.638509192911333e+01
1.803410092326920,-5.240134646388697e+01,-2.667744686310052e+01
1.808637367956850,-5.227311920051971e+01,-2.697618776434565e+01
1.813864643586790,-5.216231898836849e+01,-2.728157607801709e+01
1.819091919216720,-5.206466457819978e+01,-2.759388534343855e+01
1.824319194846650,-5.197574816343596e+01,-2.791340090951400e+01
1.829546470476580,-5.189102145333766e+01,-2.824041929167014e+01
1.834773746106520,-5.180581260516939e+01,-2.857524704003971e+01
1.840001021736450,-5.171538095328211e+01,-2.891819894634340e+01
1.845228297366380,-5.161501407894089e+01,-2.926959536113273e+01
1.850455572996320,-5.150016719253767e+01,-2.962975831943785e+01
1.855682848626250,-5.136663799256382e+01,-2.999900607591374e+01
1.860910124256180,-5.121076195971342e+01,-3.037764552327066e+01
1.866137399886120,-5.102960532042437e+01,-3.076596180138474e+01
1.871364675516050,-5.082112826946801e+01,-3.116420418864950e+01
1.876591951145980,-5.058429187980500e+01,-3.157256709022953e+01
1.881819226775920,-5.031908944801107e+01,-3.199116458864584e+01
1.887046502405850,-5.002649556827354e+01,-3.241999659295777e+01
1.892273778035780,-4.970834065595210e+01,-3.285890411687787e+01
1.897501053665720,-4.936713081528906e+01,-3.330751066068787e+01
1.902728329295650,-4.900583967530875e+01,-3.376514614200735e+01
1.907955604925580,-4.862769906497068e+01,-3.423074947973554e+01
1.913182880555510,-4.823601033849833e+01,-3.470274609871284e+01
1.918410156185450,-4.783399027016121e+01,-3.517889784500694e+01
1.923637431815380,-4.742465728500994e+01,-3.565612598024585e+01
1.928864707445310,-4.701075718400601e+01,-3.613031435639638e+01
1.934091983075250,-4.659472323244454e+01,-3.659611113315816e+01
1.939319258705180,-4.617866344305507e+01,-3.704676473994623e+01
1.944546534335110,-4.576436756979487e+01,-3.747405264851592e+01
1.949773809965050,-4.535332708231518e+01,-3.786838491025728e+01
1.955001085594980,-4.494676264880090e+01,-3.821917580064709e+01
1.960228361224910,-4.454565501968547e+01,-3.851555580497456e+01
1.965455636854850,-4.415077644693290e+01,-3.874742199128467e+01
1.970682912484780,-4.376272079118478e+01,-3.890669691088386e+01
1.975910188114710,-4.338193124162670e+01,-3.898852682295733e+01
1.981137463744640,-4.300872512414927e+01,-3.899208226084731e+01
1.986364739374580,-4.264331564320742e+01,-3.892070053649398e+01
1.991592015004510,-4.228583063527206e+01,-3.878132118643109e+01
1.996819290634440,-4.193632854565934e+01,-3.858340386482867e+01
2.002046566264380,-4.159481190701924e+01,-3.833765480081306e+01
2.007273841894310,-4.126123862041354e+01,-3.805487114273053e+01
2.012501117524240,-4.093553133562644e+01,-3.774509021077937e+01
2.017728393154180,-4.061758520775838e+01,-3.741709048542050e+01
2.022955668784110,-4.030727427999051e+01,-3.707819405768181e+01
2.028182944414040,-4.000445671253095e+01,-3.673428029748545e+01
2.033410220043980,-3.970897904814536e+01,-3.638992191365189e+01
2.038637495673910,-3.942067967696671e+01,-3.604857525091935e+01
2.043864771303840,-3.913939163827617e+01,-3.571278068801917e+01
2.049092046933780,-3.886494487495698e+01,-3.538434874409792e+01
2.054319322563710,-3.859716803730068e+01,-3.506452104659990e+01
2.059546598193640,-3.833588991661237e+01,-3.475410344607762e+01
2.064773873823570,-3.808094057532958e+01,-3.445357283976260e+01
2.070001149453510,-3.783215222884925e+01,-3.416316112499486e+01
2.075228425083440,-3.758935992462796e+01,-3.388292019857485e+01
2.080455700713370,-3.735240205612150e+01,-3.361277172606650e+01
2.085682976343310,-3.712112074248900e+01,-3.335254492312349e+01
2.090910251973240,-3.689536209949927e+01,-3.310200503276135e+01
2.096137527603170,-3.667497642254687e+01,-3.286087465196205e+01
2.101364803233110,-3.645981829893911e+01,-3.262884960046772e+01
2.106592078863040,-3.624974666354055e+01,-3.240561064461996e+01
2.111819354492970,-3.604462480932113e+01,-3.219083208513447e+01
2.117046630122910,-3.584432036226228e+01,-3.198418797937961e+01
2.122273905752840,-3.564870522836061e+01,-3.178535658430468e+01
2.127501181382770,-3.545765551904962e+01,-3.159402346469473e+01
2.132728457012700,-3.527105146019478e+01,-3.140988360352160e+01
2.137955732642640,-3.508877728886281e+01,-3.123264276914720e+01
2.143183008272570,-3.491072114127475e+01,-3.106201833193574e+01
2.148410283902500,-3.473677493470157e+01,-3.089773967571021e+01
2.153637559532440,-3.456683424553480e+01,-3.073954831380593e+01
2.158864835162370,-3.440079818531606e+01,-3.058719779245170e+01
2.164092110792300,-3.423856927616016e+01,-3.044045344373830e+01
2.169319386422240,-3.408005332669961e+01,-3.029909203491894e+01
2.174546662052170,-3.392515930944419e+01,-3.016290134903031e+01
2.179773937682100,-3.377379924024520e+01,-3.003167972289311e+01
2.185001213312040,-3.362588806039302e+01,-2.990523556179714e+01
2.190228488941970,-3.348134352174429e+01,-2.978338684503871e+01
2.195455764571900,-3.334008607516507e+01,-2.966596063259625e+01
2.200683040201830,-3.320203876248931e+01,-2.955279258029012e+01
2.205910315831770,-3.306712711212144e+01,-2.944372646855155e+01
2.211137591461700,-3.293527903835409e+01,-2.933861374825739e+01
2.216364867091630,-3.280642474442404e+01,-2.923731310583222e+01
2.221592142721570,-3.268049662929668e+01,-2.913969004889106e+01
2.226819418351500,-3.255742919813844e+01,-2.904561651300092e+01
2.232046693981430,-3.243715897641295e+01,-2.895497048964103e+01
2.237273969611370,-3.231962442752225e+01,-2.886763567507346e+01
2.242501245241300,-3.220476587390004e+01,-2.878350113958381e+01
2.247728520871230,-3.209252542145427e+01,-2.870246101637334e+01
2.252955796501170,-3.198284688724893e+01,-2.862441420927278e+01
2.258183072131100,-3.187567573031655e+01,-2.854926411837715e+01
2.263410347761030,-3.177095898547817e+01,-2.847691838266854e+01
2.268637623390970,-3.166864520006192e+01,-2.840728863868462e+01
2.273864899020900,-3.156868437339952e+01,-2.834029029429803e+01
2.279092174650830,-3.147102789898709e+01,-2.827584231669407e+01
2.284319450280760,-3.137562850919715e+01,-2.821386703366822e+01
2.289546725910700,-3.128244022243156e+01,-2.815428994739575e+01
2.294774001540630,-3.119141829260813e+01,-2.809703955987201e+01
2.300001277170560,-3.110251916087613e+01,-2.804204720926015e+01
2.305228552800500,-3.101570040946051e+01,-2.798924691642906e+01
2.310455828430430,-3.093092071753737e+01,-2.793857524100429e+01
2.315683104060360,-3.084813981904807e+01,-2.788997114629993e+01
2.320910379690300,-3.076731846236167e+01,-2.784337587253678e+01
2.326137655320230,-3.068841837170091e+01,-2.779873281779360e+01
2.331364930950160,-3.061140221024738e+01,-2.775598742617368e+01
2.336592206580100,-3.053623354485176e+01,-2.771508708270538e+01
2.341819482210030,-3.046287681226827e+01,-2.767598101452788e+01
2.347046757839960,-3.039129728684755e+01,-2.763862019794317e+01
2.352274033469890,-3.032146104961691e+01,-2.760295727094767e+01
2.357501309099830,-3.025333495868278e+01,-2.756894645088146e+01
2.362728584729760,-3.018688662089613e+01,-2.753654345685806e+01
2.367955860359690,-3.012208436471965e+01,-2.750570543666515e+01
2.373183135989630,-3.005889721424183e+01,-2.747639089784354e+01
2.378410411619560,-2.999729486428583e+01,-2.744855964267692e+01
2.383637687249490,-2.993724765656071e+01,-2.742217270683962e+01
2.388864962879430,-2.987872655680916e+01,-2.739719230147144e+01
2.394092238509360,-2.982170313290458e+01,-2.737358175846161e+01
2.399319514139290,-2.976614953385557e+01,-2.735130547873954e+01
2.404546789769230,-2.971203846967573e+01,-2.733032888338764e+01
2.409774065399160,-2.965934319208017e+01,-2.731061836739835e+01
2.415001341029090,-2.960803747597220e+01,-2.729214125591536e+01
2.420228616659030,-2.955809560168475e+01,-2.727486576280654e+01
2.425455892288960,-2.950949233794197e+01,-2.725876095142841e+01
2.430683167918890,-2.946220292551117e+01,-2.724379669744971e+01
2.435910443548820,-2.941620306151417e+01,-2.722994365361311e+01
2.441137719178760,-2.937146888436894e+01,-2.721717321631960e+01
2.446364994808690,-2.932797695933542e+01,-2.720545749392915e+01
2.451592270438620,-2.928570426463821e+01,-2.719476927667941e+01
2.456819546068560,-2.924462817814408e+01,-2.718508200812770e+01
2.462046821698490,-2.920472646456746e+01,-2.717636975803087e+01
2.467274097328420,-2.916597726318631e+01,-2.716860719658186e+01
2.472501372958360,-2.912835907604224e+01,-2.716176956992538e+01
2.477728648588290,-2.909185075660974e+01,-2.715583267688535e+01
2.482955924218220,-2.905643149891148e+01,-2.715077284683294e+01
2.488183199848160,-2.902208082706469e+01,-2.714656691863753e+01
2.493410475478090,-2.898877858523961e+01,-2.714319222063962e+01
2.498637751108020,-2.895650492801425e+01,-2.714062655159137e+01
2.503865026737950,-2.892524031111009e+01,-2.713884816251521e+01
2.509092302367890,-2.889496548249302e+01,-2.713783573943055e+01
2.514319577997820,-2.886566147382752e+01,-2.713756838690493e+01
2.519546853627750,-2.883730959226795e+01,-2.713802561238635e+01
2.524774129257690,-2.880989141257656e+01,-2.713918731127789e+01
2.530001404887620,-2.878338876955403e+01,-2.714103375271758e+01
2.535228680517550,-2.875778375077334e+01,-2.714354556602586e+01
2.540455956147490,-2.873305868960396e+01,-2.714670372779241e+01
2.545683231777420,-2.870919615851594e+01,-2.715048954956621e+01
2.550910507407350,-2.868617896265611e+01,-2.715488466612342e+01
2.556137783037290,-2.866399013368346e+01,-2.715987102428337e+01
2.561365058667220,-2.864261292385781e+01,-2.716543087224787e+01
2.566592334297150,-2.862203080037029e+01,-2.717154674943902e+01
2.571819609927090,-2.860222743991087e+01,-2.717820147681282e+01
2.577046885557020,-2.858318672346025e+01,-2.718537814762625e+01
2.582274161186950,-2.856489273130302e+01,-2.719306011863765e+01
2.587501436816880,-2.854732973825268e+01,-2.720123100172202e+01
2.592728712446820,-2.853048220908182e+01,-2.720987465588048e+01
2.597955988076750,-2.851433479415098e+01,-2.721897517963042e+01
2.603183263706680,-2.849887232523040e+01,-2.722851690375547e+01
2.608410539336620,-2.848407981150793e+01,-2.723848438440383e+01
2.613637814966550,-2.846994243577723e+01,-2.724886239651848e+01
2.618865090596480,-2.845644555080236e+01,-2.725963592758528e+01
2.624092366226420,-2.844357467585088e+01,-2.727079017168609e+01
2.629319641856350,-2.843131549339235e+01,-2.728231052384606e+01
2.634546917486280,-2.841965384595700e+01,-2.729418257465996e+01
2.639774193116220,-2.840857573314867e+01,-2.730639210519008e+01
2.645001468746150,-2.839806730881010e+01,-2.731892508212250e+01
2.650228744376080,-2.838811487833286e+01,-2.733176765317281e+01
2.655456020006020,-2.837870489611085e+01,-2.734490614273076e+01
2.660683295635950,-2.836982396313171e+01,-2.735832704773718e+01
2.665910571265880,-2.836145882470220e+01,-2.737201703378065e+01
2.671137846895810,-2.835359636830511e+01,-2.738596293140869e+01
2.676365122525750,-2.834622362158260e+01,-2.740015173264529e+01
2.681592398155680,-2.833932775044340e+01,-2.741457058770485e+01
2.686819673785610,-2.833289605729089e+01,-2.742920680189961e+01
2.692046949415550,-2.832691597936701e+01,-2.744404783272915e+01
2.697274225045480,-2.832137508721108e+01,-2.745908128714820e+01
2.702501500675410,-2.831626108322971e+01,-2.747429491900635e+01
2.707728776305350,-2.831156180037297e+01,-2.748967662665266e+01
2.712956051935280,-2.830726520091749e+01,-2.750521445069993e+01
2.718183327565210,-2.830335937535084e+01,-2.752089657194308e+01
2.723410603195150,-2.829983254135485e+01,-2.753671130942673e+01
2.728637878825080,-2.829667304288703e+01,-2.755264711865550e+01
2.733865154455010,-2.829386934935474e+01,-2.756869258994433e+01
2.739092430084940,-2.829141005488205e+01,-2.758483644690196e+01
2.744319705714880,-2.828928387766485e+01,-2.760106754504436e+01
2.749546981344810,-2.828747965941309e+01,-2.761737487053271e+01
2.754774256974740,-2.828598636487726e+01,-2.763374753903269e+01
2.760001532604680,-2.828479308145599e+01,-2.765017479469038e+01
2.765228808234610,-2.828388901888408e+01,-2.766664600922038e+01
2.770456083864540,-2.828326350899670e+01,-2.768315068110315e+01
2.775683359494480,-2.828290600556980e+01,-2.769967843488704e+01
2.780910635124410,-2.828280608423096e+01,-2.771621902059177e+01
2.786137910754340,-2.828295344244325e+01,-2.773276231320906e+01
2.791365186384280,-2.828333789955492e+01,-2.774929831229836e+01
2.796592462014210,-2.828394939691633e+01,-2.776581714167271e+01
2.801819737644140,-2.828477799806032e+01,-2.778230904917198e+01
2.807047013274080,-2.828581388894434e+01,-2.779876440652065e+01
2.812274288904010,-2.828704737825075e+01,-2.781517370926616e+01
2.817501564533940,-2.828846889774752e+01,-2.783152757679485e+01
2.822728840163870,-2.829006900269964e+01,-2.784781675242330e+01
2.827956115793810,-2.829183837233752e+01,-2.786403210356070e+01
2.833183391423740,-2.829376781037367e+01,-2.788016462193936e+01
2.838410667053670,-2.829584824556969e+01,-2.789620542391254e+01
2.843637942683610,-2.829807073234907e+01,-2.791214575081301e+01
2.848865218313540,-2.830042645145402e+01,-2.792797696937281e+01
2.854092493943470,-2.830290671064659e+01,-2.794369057219912e+01
2.859319769573410,-2.830550294544720e+01,-2.795927817830599e+01
2.864547045203340,-2.830820671991434e+01,-2.797473153369486e+01
2.869774320833270,-2.831100972745768e+01,-2.799004251198631e+01
2.875001596463210,-2.831390379168698e+01,-2.800520311509569e+01
2.880228872093140,-2.831688086729152e+01,-2.802020547395434e+01
2.885456147723070,-2.831993304095010e+01,-2.803504184926830e+01
2.890683423353000,-2.832305253226792e+01,-2.804970463231760e+01
2.895910698982940,-2.832623169473909e+01,-2.806418634579031e+01
2.901137974612870,-2.832946301673308e+01,-2.807847964464744e+01
2.906365250242800,-2.833273912250147e+01,-2.809257731702075e+01
2.911592525872740,-2.833605277320423e+01,-2.810647228513564e+01
2.916819801502670,-2.833939686795288e+01,-2.812015760626025e+01
2.922047077132600,-2.834276444486921e+01,-2.813362647367807e+01
2.927274352762540,-2.834614868215569e+01,-2.814687221767683e+01
2.932501628392470,-2.834954289917752e+01,-2.815988830655997e+01
2.937728904022400,-2.835294055755323e+01,-2.817266834766886e+01
2.942956179652340,-2.835633526225103e+01,-2.818520608842046e+01
2.948183455282270,-2.835972076269153e+01,-2.819749541735314e+01
2.953410730912200,-2.836309095385073e+01,-2.820953036518180e+01
2.958638006542130,-2.836643987736498e+01,-2.822130510585844e+01
2.963865282172070,-2.836976172263472e+01,-2.823281395763484e+01
2.969092557802000,-2.837305082792282e+01,-2.824405138412729e+01
2.974319833431930,-2.837630168144995e+01,-2.825501199537922e+01
2.979547109061870,-2.837950892248069e+01,-2.826569054892108e+01
2.984774384691800,-2.838266734240072e+01,-2.827608195082323e+01
2.990001660321730,-2.838577188578378e+01,-2.828618125674236e+01
2.995228935951670,-2.838881765144382e+01,-2.829598367295654e+01
3.000456211581600,-2.839179989347411e+01,-2.830548455738947e+01
3.005683487211530,-2.839471402226811e+01,-2.831467942061942e+01
3.010910762841470,-2.839755560552268e+01,-2.832356392687334e+01
3.016138038471400,-2.840032036922136e+01,-2.833213389500122e+01
3.021365314101330,-2.840300419859435e+01,-2.834038529943235e+01
3.026592589731270,-2.840560313905728e+01,-2.834831427110871e+01
3.031819865361200,-2.840811339712219e+01,-2.835591709839541e+01
3.037047140991130,-2.841053134128391e+01,-2.836319022796482e+01
3.042274416621060,-2.841285350287768e+01,-2.837013026565532e+01
3.047501692251000,-2.841507657690618e+01,-2.837673397729979e+01
3.052728967880930,-2.841719742283731e+01,-2.838299828952540e+01
3.057956243510860,-2.841921306536783e+01,-2.838892029052091e+01
3.063183519140800,-2.842112069515433e+01,-2.839449723077079e+01
3.068410794770730,-2.842291766950873e+01,-2.839972652375603e+01
3.073638070400660,-2.842460151305860e+01,-2.840460574661780e+01
3.078865346030600,-2.842616991836895e+01,-2.840913264078498e+01
3.084092621660530,-2.842762074652706e+01,-2.841330511256334e+01
3.089319897290460,-2.842895202768691e+01,-2.841712123368573e+01
3.094547172920400,-2.843016196157461e+01,-2.842057924182146e+01
3.099774448550330,-2.843124891795148e+01,-2.842367754104597e+01
3.105001724180260,-2.843221143703685e+01,-2.842641470226561e+01
3.110228999810190,-2.843304822988717e+01,-2.842878946360351e+01
3.115456275440130,-2.843375817873229e+01,-2.843080073073927e+01
3.120683551070060,-2.843434033726904e+01,-2.843244757720378e+01
3.125910826699990,-2.843479393090815e+01,-2.843372924463330e+01
3.131138102329930,-2.843511835697986e+01,-2.843464514297379e+01
3.136365377959860,-2.843531318489153e+01,-2.843519485064339e+01
